<?xml version="1.0" encoding="UTF-8"?>
<results trackingurl="html/resources/TrackingData.zip">
  <arel><![CDATA[html/index.html?172e17272021f1ac9ce0891faeef125d]]></arel>
  <sceneoptions>
    <sceneoption key="fullScreen">true</sceneoption>
  </sceneoptions>
  <object id="image13">
    <title><![CDATA[camera]]></title>
    <assets3d>
      <model><![CDATA[html/resources/0e97e2cf87a69768f228a897ca076c52/0e97e2cf87a69768f228a897ca076c52.zip]]></model>
      <transform>
        <translation>
          <x>9.3674163818</x>
          <y>354.7821044922</y>
          <z>0.0</z>
        </translation>
        <rotation type="eulerdeg">
          <x>0.0</x>
          <y>0.0</y>
          <z>0.0</z>
        </rotation>
        <scale>
          <x>0.8342911005</x>
          <y>0.8342911005</y>
          <z>0.8342911005</z>
        </scale>
      </transform>
      <properties>
        <coordinatesystemid>1</coordinatesystemid>
      </properties>
    </assets3d>
    <viewparameters>
      <visibility>
        <liveview>false</liveview>
      </visibility>
    </viewparameters>
  </object>
  <object id="image14">
    <title><![CDATA[microphone]]></title>
    <assets3d>
      <model><![CDATA[html/resources/0f46c11e70f2927d83805b20b0f0023f/0f46c11e70f2927d83805b20b0f0023f.zip]]></model>
      <transform>
        <translation>
          <x>1.4907455444</x>
          <y>-334.2971801758</y>
          <z>0.0</z>
        </translation>
        <rotation type="eulerdeg">
          <x>0.0</x>
          <y>0.0</y>
          <z>0.0</z>
        </rotation>
        <scale>
          <x>0.45611763</x>
          <y>0.45611763</y>
          <z>0.45611763</z>
        </scale>
      </transform>
      <properties>
        <coordinatesystemid>1</coordinatesystemid>
      </properties>
    </assets3d>
    <viewparameters>
      <visibility>
        <liveview>false</liveview>
      </visibility>
    </viewparameters>
  </object>
  <object id="image15">
    <title><![CDATA[light]]></title>
    <assets3d>
      <model><![CDATA[html/resources/bc0f381586a1a27bd47353ed29f0a841/bc0f381586a1a27bd47353ed29f0a841.zip]]></model>
      <transform>
        <translation>
          <x>-254.6345062256</x>
          <y>183.2666320801</y>
          <z>0.0</z>
        </translation>
        <rotation type="eulerdeg">
          <x>0.0</x>
          <y>0.0</y>
          <z>0.0</z>
        </rotation>
        <scale>
          <x>0.45611763</x>
          <y>0.45611763</y>
          <z>0.45611763</z>
        </scale>
      </transform>
      <properties>
        <coordinatesystemid>1</coordinatesystemid>
      </properties>
    </assets3d>
    <viewparameters>
      <visibility>
        <liveview>false</liveview>
      </visibility>
    </viewparameters>
  </object>
  <object id="image16">
    <title><![CDATA[speaker]]></title>
    <assets3d>
      <model><![CDATA[html/resources/1aaa17c7a49f0bfe641d2a342312310d/1aaa17c7a49f0bfe641d2a342312310d.zip]]></model>
      <transform>
        <translation>
          <x>264.173828125</x>
          <y>195.5140686035</y>
          <z>0.0</z>
        </translation>
        <rotation type="eulerdeg">
          <x>0.0</x>
          <y>0.0</y>
          <z>0.0</z>
        </rotation>
        <scale>
          <x>0.45611763</x>
          <y>0.45611763</y>
          <z>0.45611763</z>
        </scale>
      </transform>
      <properties>
        <coordinatesystemid>1</coordinatesystemid>
      </properties>
    </assets3d>
    <viewparameters>
      <visibility>
        <liveview>false</liveview>
      </visibility>
    </viewparameters>
  </object>
  <object id="contourTracking">
    <title><![CDATA[galaxys3_black]]></title>
    <assets3d>
      <model><![CDATA[html/resources/1c81941ab5ad97e5b7aef76ad2c32215/4a84cfadf862835b76e1b91555acc525.zip]]></model>
      <transform>
        <translation>
          <x>0.0</x>
          <y>0.0</y>
          <z>0.0</z>
        </translation>
        <rotation type="eulerdeg">
          <x>0.0</x>
          <y>0.0</y>
          <z>0.0</z>
        </rotation>
        <scale>
          <x>1.0</x>
          <y>1.0</y>
          <z>1.0</z>
        </scale>
      </transform>
      <properties>
        <transparency>0.5</transparency>
        <coordinatesystemid>2</coordinatesystemid>
      </properties>
    </assets3d>
    <viewparameters/>
  </object>
</results>
